product_id,product_name,category,unit_cost,unit_price,vendor,on_hand
3503,13 Grand - 24/7 Donut Shop (5Lb Bg),Gourmet,$0.00,$0.00,,
3496,13 Grand - Accountant (12 Oz./342 g),Gourmet,$0.00,$0.00,,
3514,13 Grand - All In FT (12 Oz./342 g),FairTrade Organic,$0.00,$0.00,,
3515,13 Grand - All In FT (5Lb Bg),FairTrade Organic,$0.00,$0.00,,
3492,13 Grand - All Nighter Espr. (12 Oz./342 g),Gourmet,$0.00,$0.00,,
3493,13 Grand - All Nighter Espr. (5Lb Bg),Gourmet,$0.00,$0.00,,
3512,13 Grand - Bold & Calculated Espr Decaf (12 Oz./342 g),Decaf,$0.00,$0.00,,
3513,13 Grand - Bold & Calculated Espr Decaf (5Lb Bg),Decaf,$0.00,$0.00,,
3508,13 Grand - Cashflow (12 Oz./342 g),Gourmet,$0.00,$0.00,,
3498,13 Grand - Day Off? Decaf (12 Oz./342 g),Decaf,$0.00,$0.00,,
3499,13 Grand - Day Off? Decaf (5Lb Bg),Decaf,$0.00,$0.00,,
3506,13 Grand - Demarco House FT (12 Oz./342 g),FairTrade Organic,$0.00,$0.00,,
3507,13 Grand - Demarco House FT (5Lb Bg),FairTrade Organic,$0.00,$0.00,,
3510,13 Grand - Rise & Grind FT (12 Oz./342g),FairTrade Organic,$0.00,$0.00,,
3511,13 Grand - Rise & Grind FT (5Lb Bg),FairTrade Organic,$0.00,$0.00,,
3494,13 Grand - Risk/Reward FR (12 Oz./342 g),Gourmet,$0.00,$0.00,,
3495,13 Grand - Risk/Reward FR (5Lb Bg),Gourmet,$0.00,$0.00,,
3500,13 Grand - Wake Up Call Espr FT (12 Oz./342 g),FairTrade Organic,$0.00,$0.00,,
3501,13 Grand - Wake Up Call Espr FT (5Lb Bg),FairTrade Organic,$0.00,$0.00,,
3890,1 Under Coffee - Dog Leg (12 Oz./342 g),Gourmet,$0.00,$0.00,,
3891,1 Under Coffee - Dog Leg (5Lb Bg),Gourmet,$0.00,$0.00,,
3724,1 Under Coffee - Par 3 FT (12 Oz./342 g),FairTrade Organic,$0.00,$0.00,,
3727,1 Under Coffee - Par 3 FT (5Lb Bg),FairTrade Organic,$0.00,$0.00,,
3719,1 Under Coffee - Par 4 (12 Oz./342 g),Gourmet,$0.00,$0.00,,
3720,1 Under Coffee - Par 4 (5Lb Bg),Gourmet,$0.00,$0.00,,
3721,1 Under Coffee - Par 5 (12 Oz./342 g),Gourmet,$0.00,$0.00,,
3722,1 Under Coffee - Par 5 (5Lb Bg),Gourmet,$0.00,$0.00,,
3725,1 Under Coffee - Putting Green DEC (12 Oz./342 g),Decaf,$0.00,$0.00,,
3726,1 Under Coffee - Putting Green DEC (5Lb Bg),Decaf,$0.00,$0.00,,
3395,22 Bags - 4 Bagger Espresso FT (12 Oz./342 g),FairTrade Organic,$0.00,$0.00,,
1855,"2.75"" Square Labels",N/A,$0.10,$0.20,,
1357,8 Litre Resin Water Softner,N/A,$100.00,$295.00,,
3046,Almighty - Coffee Decaf TBD (12oz bg),FairTrade Organic Decaf,$0.00,$0.00,,
3047,Almighty - Coffee Decaf TBD (1lb bg),FairTrade Organic Decaf,$0.00,$0.00,,
3048,Almighty - Coffee Decaf TBD (5lb bg),FairTrade Organic Decaf,$0.00,$0.00,,
3049,Almighty - Coffee Italiano  Espr (12oz bg),FairTrade Organic,$0.00,$0.00,,
3050,Almighty - Coffee Italiano Espr (1lb bg),FairTrade Organic,$0.00,$0.00,,
3051,Almighty - Coffee Italiano Espr (5lb bg),FairTrade Organic,$0.00,$0.00,,
3052,Almighty - Coffee  Med Rst (12oz bg),FairTrade Organic,$0.00,$0.00,,
3053,Almighty - Coffee  Med Rst (1lb bg),FairTrade Organic,$0.00,$0.00,,
3054,Almighty - Coffee  Med Rst (5lb bg),FairTrade Organic,$0.00,$0.00,,
3058,Almighty - Coffee Mighty Blend Dk Rst (12oz bg),FairTrade Organic,$0.00,$0.00,,
3059,Almighty - Coffee Mighty Blend Dk Rst (1lb bg),FairTrade Organic,$0.00,$0.00,,
3060,Almighty - Coffee Mighty Blend Dk Rst (5lb bg),FairTrade Organic,$0.00,$0.00,,
3061,Almighty - Coffee Mocca Lt Rst (12oz bg),FairTrade Organic,$0.00,$0.00,,
3062,Almighty - Coffee Mocca Lt Rst (1lb bg),FairTrade Organic,$0.00,$0.00,,
3063,Almighty - Coffee Mocca Lt Rst (5lb bg),FairTrade Organic,$0.00,$0.00,,
3055,Almighty - Coffee Senna Lt Rst (12oz bg),FairTrade Organic,$0.00,$0.00,,
3056,Almighty - Coffee Senna Lt Rst (1lb bg),FairTrade Organic,$0.00,$0.00,,
3057,Almighty - Coffee Senna Lt Rst (5lb bg),FairTrade Organic,$0.00,$0.00,,
3068,Almighty - Coffee Sidamo City Rst (12oz bg),FairTrade Organic,$0.00,$0.00,,
3069,Almighty - Coffee Sidamo City Rst (1lb bg),FairTrade Organic,$0.00,$0.00,,
3070,Almighty - Coffee Sidamo City Rst (5lb bg),FairTrade Organic,$0.00,$0.00,,
2702,Altitude Gym - Altitude Blend Dk - FTO (12 Oz./342 g),FairTrade Organic,$0.00,$0.00,,
2698,Altitude Gym - Altitude Blend Dk - FTO (1Lb Bg),FairTrade Organic,$0.00,$0.00,,
2703,Altitude Gym - Altitude Blend Dk - FTO (2.00Oz/5.3Lb),FairTrade Organic,$0.00,$0.00,,
2699,Altitude Gym - Altitude Blend Dk - FTO (2.50Oz/6.6Lb),FairTrade Organic,$0.00,$0.00,,
2700,Altitude Gym - Altitude Blend Dk - FTO (3.00Oz/7.9Lb),FairTrade Organic,$0.00,$0.00,,
2701,Altitude Gym - Altitude Blend Dk - FTO (5Lb Bg),FairTrade Organic,$0.00,$0.00,,
2692,Altitude Gym - Altitude Blend Med - FTO (12 Oz./342 g),FairTrade Organic,$0.00,$0.00,,
2693,Altitude Gym - Altitude Blend Med - FTO (1Lb Bg),FairTrade Organic,$0.00,$0.00,,
2694,Altitude Gym - Altitude Blend Med - FTO (2.00Oz/5.3Lb),FairTrade Organic,$0.00,$0.00,,
2695,Altitude Gym - Altitude Blend Med - FTO (2.50Oz/6.6Lb),FairTrade Organic,$0.00,$0.00,,
2696,Altitude Gym - Altitude Blend Med - FTO (3.00Oz/7.9Lb),FairTrade Organic,$0.00,$0.00,,
2697,Altitude Gym - Altitude Blend Med - FTO (5Lb Bg),FairTrade Organic,$0.00,$0.00,,
2730,Altitude Gym - Holiday Blend - FTO (12 Oz./342 g),FairTrade Organic,$0.00,$0.00,,
2731,Altitude Gym - Holiday Blend - FTO (1Lb Bg),FairTrade Organic,$0.00,$0.00,,
2732,Altitude Gym - Holiday Blend - FTO (2.00Oz/5.3Lb),FairTrade Organic,$0.00,$0.00,,
2733,Altitude Gym - Holiday Blend - FTO (2.50Oz/6.6Lb),FairTrade Organic,$0.00,$0.00,,
2734,Altitude Gym - Holiday Blend - FTO (3.00Oz/7.9Lb),FairTrade Organic,$0.00,$0.00,,
2735,Altitude Gym - Holiday Blend - FTO (5Lb Bg),FairTrade Organic,$0.00,$0.00,,
3861,Anchor Blend - 20oz Traveller fulfillment,N/A,$3.00,$3.00,,
3862,Anchor Blend - Dover Espresso (12 Oz./342 g),Gourmet,$0.00,$0.00,,
3863,Anchor Blend - Dover Espresso (5Lb Bg),Gourmet,$0.00,$0.00,,
3864,Anchor Blend - Guatemala FR (12 Oz./342 g),Gourmet,$0.00,$0.00,,
3865,Anchor Blend - Guatemala FR (5Lb Bg),Gourmet,$0.00,$0.00,,
3523,Anchor Blend - Mexico FT (12 Oz./342g),FairTrade Organic,$0.00,$0.00,,
3524,Anchor Blend - Mexico FT (5Lb Bg),FairTrade Organic,$0.00,$0.00,,
3525,Anchor Blend - Morning Pier Espr. FT (12 Oz./342 g),FairTrade Organic,$0.00,$0.00,,
3526,Anchor Blend - Morning Pier Espr. FT (5Lb Bg),FairTrade Organic,$0.00,$0.00,,
3517,Anchor Blend - North Coast FT (12 Oz./342 g),FairTrade Organic,$0.00,$0.00,,
3518,Anchor Blend - North Coast FT (5Lb Bg),FairTrade Organic,$0.00,$0.00,,
3519,Anchor Blend - Peru FT (12 Oz./342 g),FairTrade Organic,$0.00,$0.00,,
3520,Anchor Blend - Peru FT (5Lb Bg),FairTrade Organic,$0.00,$0.00,,
3521,Anchor Blend - Peru VN FT SWP (12 Oz./342 g),FairTrade Organic Decaf,$0.00,$0.00,,
3522,Anchor Blend - Peru VN FT SWP (5Lb Bg),FairTrade Organic,$0.00,$0.00,,
3376,Apparel - Ladies Short Sleeve T-Shirt,N/A,$0.00,$16.50,,
3373,Apparel - Men's Long Sleeve T-Shirt,N/A,$0.00,$17.50,,
3372,Apparel - Men's Short Sleeve T-Shirt,N/A,$0.00,$13.50,,
3375,Apparel - Pullover Hoodie,N/A,$0.00,$35.00,,
3374,Apparel - Zippered Hoodie,N/A,$0.00,$35.00,,
3097,Arrowhead - Beverage Cooler Vest,N/A,$0.00,$0.00,,
2704,Arrowhead - Coffee Blue Collar (12oz bg),Gourmet,$0.00,$0.00,,
2718,Arrowhead - Coffee Blue Collar (5lb bg),Gourmet,$0.00,$0.00,,
3116,Arrowhead - Coffee Christmas Blend (12oz bg),Gourmet,$0.00,$0.00,,
3117,Arrowhead - Coffee Christmas Blend (5lb bg),Gourmet,$0.00,$0.00,,
2327,Arrowhead - Coffee Cleared Hot (12oz bg),FairTrade Organic,$0.00,$0.00,,
2722,Arrowhead - Coffee Cleared Hot (5lb bg),FairTrade Organic,$0.00,$0.00,,
2321,Arrowhead - Coffee Gazer (12oz bg),Gourmet,$0.00,$0.00,,
2724,Arrowhead - Coffee Gazer (5lb bg),Gourmet,$0.00,$0.00,,
2736,Arrowhead - Coffee Isolation Blend (12oz bg),Gourmet,$0.00,$0.00,,
2738,Arrowhead - Coffee Isolation Blend (5lb bg),Gourmet,$0.00,$0.00,,
3086,Arrowhead - Coffee Light Duty DECAF (12oz bg),Gourmet,$0.00,$0.00,,
3088,Arrowhead - Coffee Light Duty DECAF (5lb bg),Gourmet,$0.00,$0.00,,
2325,Arrowhead - Coffee Original (12oz bg),FairTrade Organic,$0.00,$0.00,,
2726,Arrowhead - Coffee Original (5lb bg),FairTrade Organic,$0.00,$0.00,,
2323,Arrowhead - Coffee Our House (12oz bg),Gourmet,$0.00,$0.00,,
2728,Arrowhead - Coffee Our House (5lb bg),Gourmet,$0.00,$0.00,,
3104,Arrowhead - Digital Coffee Scale,N/A,$0.00,$0.00,,
3107,Arrowhead - Flag,N/A,$0.00,$0.00,,
3106,Arrowhead - Gooseneck Kettle - 1000ml,N/A,$0.00,$0.00,,
3100,Arrowhead - Hat - ACC Trucker Camo Snapback,N/A,$0.00,$0.00,,
3093,Arrowhead - Hat - ACC Trucker Multicam Snapback,N/A,$0.00,$0.00,,
3098,Arrowhead - Hat - Fitted Black MultiCam L/XL,N/A,$0.00,$0.00,,
3096,Arrowhead - Hat - Fitted Black MultiCam S/M,N/A,$0.00,$0.00,,
2691,Arrowhead - Hat - New Era Snapback - Blue,N/A,$0.00,$0.00,,
2690,Arrowhead - Hat - New Era Snapback - Camo,N/A,$0.00,$0.00,,
2317,Arrowhead - Hoodie - Black,N/A,$0.00,$0.00,,
2316,Arrowhead - Hoodie - Zip-Up Red,N/A,$0.00,$0.00,,
3094,Arrowhead - Manual Burr Coffee Grinder,N/A,$0.00,$0.00,,
3090,Arrowhead - Mask COVID-19,N/A,$0.00,$0.00,,
2308,Arrowhead - Mug - Canadian Arrowhead,N/A,$0.00,$0.00,,
2307,Arrowhead - Mug - Enamel - (11.8 oz),N/A,$0.00,$0.00,,
3105,Arrowhead - Mug - Enamel Large,N/A,$0.00,$0.00,,
2310,Arrowhead - Mug - Gunslinger Black Rifle,N/A,$0.00,$0.00,,
2309,Arrowhead - Mug - Gunslinger White Rifle,N/A,$0.00,$0.00,,
3091,Arrowhead - Mug - Isolation,N/A,$0.00,$0.00,,
3089,Arrowhead - Oilive Oil,N/A,$0.00,$0.00,,
3103,Arrowhead - Pour Over Coffee Maker,N/A,$0.00,$0.00,,
3099,Arrowhead - Press - Coffee and Tea,N/A,$0.00,$0.00,,
2920,Arrowhead - Press Mug - (12 oz),N/A,$0.00,$0.00,,
3109,Arrowhead - Socks - Killer Dress Black,N/A,$0.00,$0.00,,
3108,Arrowhead - Socks - Killer Dress Green,N/A,$0.00,$0.00,,
2315,Arrowhead - Socks - Killer Dress Red,N/A,$0.00,$0.00,,
2319,Arrowhead - Stickers,N/A,$0.00,$0.00,,
3095,Arrowhead - Stovetop Moka Pot,N/A,$0.00,$0.00,,
2318,Arrowhead - T-Shirt - Baseball Logo Uni Black,N/A,$0.00,$0.00,,
2313,Arrowhead - T-Shirt - Baseball Logo Uni Green,N/A,$0.00,$0.00,,
2311,Arrowhead - T-Shirt - Rise & Grind Grey,N/A,$0.00,$0.00,,
2312,Arrowhead - T-Shirt - Rise & Grind Orange,N/A,$0.00,$0.00,,
2314,Arrowhead - T-Shirt - The ACC Shirt Grey,N/A,$0.00,$0.00,,
2689,Arrowhead - T-Shirt - Uni Black,N/A,$0.00,$0.00,,
3102,Arrowhead - T-Shirt - Uni Green,N/A,$0.00,$0.00,,
3101,Arrowhead - T-Shirt - Uni Red,N/A,$0.00,$0.00,,
3111,Arrowhead - Velcro PVC Morale Patch,N/A,$0.00,$0.00,,
1860,Astra - Cafiza  Cleaning Tablets - 2 g. x 200ct,N/A,$24.50,$69.99,Astra,
1716,Astra - Coffee Clean Detergent - 900 Gr.,N/A,$14.95,$29.95,Coffee Clean Detergent - 900 Gr.,
2015,Astra - Espresso Machine Cleaning Brush,N/A,$3.95,$5.55,Astra,
2190,Astra - Franke - Cleaning Tablets - 100ct,N/A,$13.64,$45.42,Astra,
2229,Astra - Franke - Cleaning Tablets - 2 g. x 150ct,N/A,$18.00,$49.99,Astra,
1995,Avataq - Arctic Blend  - 20 ct - case,Organic,$3.92,$5.95,,
2002,Avataq - Arctic Blend  - 80 ct - case,Organic,$10.00,$24.95,,
1993,Avataq - Assorted - 20 ct - case,Organic,$3.92,$5.95,,
1996,Avataq - Cloudberry - 20 ct - case,Organic,$3.92,$5.95,,
2003,Avataq - Cloudberry - 80 ct - case,Organic,$0.00,$24.95,,
1997,Avataq - Crowberry - 20 ct - case,Organic,$3.92,$5.95,,
2004,Avataq - Crowberry - 80 ct - case,Organic,$10.00,$24.95,,
1998,Avataq - Ground Juniper - 20 ct - case,Organic,$3.92,$5.95,,
2005,Avataq - Ground Juniper - 80 ct - case,Organic,$0.00,$24.95,,
1994,Avataq - Labrador - 20 ct - case,Organic,$3.92,$5.95,,
2001,Avataq - Labrador - 80 ct - case,Organic,$10.00,$24.95,,
2823,Bagelshop - Costa Rica (12 Oz./342 g),Gourmet,$0.00,$0.00,,
2824,Bagelshop - Costa Rica (1Lb Bg),Gourmet,$0.00,$0.00,,
2819,Bagelshop - Costa Rica  (2.00Oz/5.3Lb),Gourmet,$0.00,$0.00,,
2820,Bagelshop - Costa Rica  (2.50Oz/6.6Lb),Gourmet,$0.00,$0.00,,
2821,Bagelshop - Costa Rica  (3.00Oz/7.9Lb),Gourmet,$0.00,$0.00,,
2822,Bagelshop - Costa Rica  (5Lb Bg),Gourmet,$0.00,$0.00,,
2825,Bagelshop - Espr. Garibaldi FTO (12 Oz./342 g),FairTrade Organic,$0.00,$0.00,,
2826,Bagelshop - Espr. Garibaldi FTO (1Lb Bg),FairTrade Organic,$0.00,$0.00,,
2827,Bagelshop - Espr. Garibaldi FTO (2.00Oz/5.3Lb),FairTrade Organic,$0.00,$0.00,,
2828,Bagelshop - Espr. Garibaldi FTO (2.50Oz/6.6Lb),FairTrade Organic,$0.00,$0.00,,
2829,Bagelshop - Espr. Garibaldi FTO (3.00Oz/7.9Lb),FairTrade Organic,$0.00,$0.00,,
2830,Bagelshop - Espr. Garibaldi FTO (5Lb Bg),FairTrade Organic,$0.00,$0.00,,
2810,Bagelshop - Ethiopian Sidamo FTO (12 Oz./342 g),FairTrade Organic,$0.00,$0.00,,
2811,Bagelshop - Ethiopian Sidamo FTO (1Lb Bg),FairTrade Organic,$0.00,$0.00,,
2812,Bagelshop - Ethiopian Sidamo FTO (2.00Oz/5.3Lb),FairTrade Organic,$0.00,$0.00,,
2813,Bagelshop - Ethiopian Sidamo FTO (2.50Oz/6.6Lb),FairTrade Organic,$0.00,$0.00,,
2814,Bagelshop - Ethiopian Sidamo FTO (3.00Oz/7.9Lb),FairTrade Organic,$0.00,$0.00,,
2815,Bagelshop - Ethiopian Sidamo FTO (5Lb Bg),FairTrade Organic,$0.00,$0.00,,
2832,Bageshop - Sumatra VN FTO (12 Oz./342 g),FairTrade Organic,$0.00,$0.00,,
2833,Bageshop - Sumatra VN FTO (1Lb Bg),FairTrade Organic,$0.00,$0.00,,
2834,Bageshop - Sumatra VN FTO (2.00Oz/5.3Lb),FairTrade Organic,$0.00,$0.00,,
2835,Bageshop - Sumatra VN FTO (2.50Oz/6.6Lb),FairTrade Organic,$0.00,$0.00,,
2836,Bageshop - Sumatra VN FTO (3.00Oz/7.9Lb),FairTrade Organic,$0.00,$0.00,,
2837,Bageshop - Sumatra VN FTO (5Lb Bg),FairTrade Organic,$0.00,$0.00,,
3490,Baldoon - '67 UFO (12 Oz./342 g),Gourmet,$0.00,$0.00,,
3486,Baldoon - Baldoon FT (12 Oz./342g),FairTrade Organic,$0.00,$0.00,,
3487,Baldoon - Black FT (12 Oz./342 g),FairTrade Organic,$0.00,$0.00,,
3491,Baldoon - Canoe Lake (12oz Bg),Gourmet,$0.00,$0.00,,
3489,Baldoon - Room 873 FT (12 Oz./342 g),FairTrade Organic,$0.00,$0.00,,
3728,Baristah - Gibson DEC (12 Oz./342 g),Decaf,$0.00,$0.00,,
3729,Baristah - Gibson DEC (5Lb Bg),Decaf,$0.00,$0.00,,
3730,Baristah - Hardy (12 Oz./342 g),Gourmet,$0.00,$0.00,,
3731,Baristah - Hardy  (5Lb Bg),Gourmet,$0.00,$0.00,,
3732,Baristah - Henshaw (12 Oz./342 g),FairTrade Organic,$0.00,$0.00,,
3733,Baristah - Henshaw (5Lb Bg),FairTrade Organic,$0.00,$0.00,,
3868,Baristah - Joseph (12 Oz./342 g),Gourmet,$0.00,$0.00,,
3869,Baristah - Joseph (5Lb Bg),Gourmet,$0.00,$0.00,,
3734,Baristah -- Kahshe (12 Oz./342 g),Gourmet,$0.00,$0.00,,
3737,Baristah - Moon River (5Lb Bg),FairTrade Organic,$0.00,$0.00,,
3738,Baristah - Muldrew (12 Oz./342g),FairTrade Organic,$0.00,$0.00,,
3739,Baristah - Muldrew (5Lb Bg),FairTrade Organic,$0.00,$0.00,,
3878,Baristah - Muskoka (12 Oz./342 g),FairTrade Organic,$0.00,$0.00,,
3883,Baristah - Muskoka (5Lb Bg),FairTrade Organic,$0.00,$0.00,,
3740,Baristah - Oxtongue (12 Oz./342 g),Gourmet,$0.00,$0.00,,
3741,Baristah - Oxtongue (5Lb Bg),Gourmet,$0.00,$0.00,,
3870,Baristah - Portage (12 Oz./342 g),Decaf,$0.00,$0.00,,
3877,Baristah - Portage (5Lb Bg),Decaf,$0.00,$0.00,,
3742,Baristah - Rosseau (12 Oz./342 g),FairTrade Organic,$0.00,$0.00,,
3743,Baristah - Rosseau (5Lb Bg),FairTrade Organic,$0.00,$0.00,,
3884,Baristah - Skeleton (12 Oz/342 g),FairTrade Organic,$0.00,$0.00,,
3889,Baristah - Skeleton (5Lb Bg),FairTrade Organic,$0.00,$0.00,,
3867,Baristah - Spence (5Lb Bg),Gourmet,$0.00,$0.00,,
3744,Baristah - Vernon (12 Oz./342 g),Gourmet,$0.00,$0.00,,
3745,Baristah - Vernon (5Lb Bg),Gourmet,$0.00,$0.00,,
3133,Beamish - Coffee Bicycle Fix (12oz bg),FairTrade Organic,$0.00,$0.00,,
3134,Beamish - Coffee Bicycle Fix (1lb bg),FairTrade Organic,$0.00,$0.00,,
3135,Beamish - Coffee Bicycle Fix (5lb bg),FairTrade Organic,$0.00,$0.00,,
3121,Beamish - Coffee Brave Charlotte (12oz bg),FairTrade Organic,$0.00,$0.00,,
3122,Beamish - Coffee Brave Charlotte (1lb bg),FairTrade Organic,$0.00,$0.00,,
3123,Beamish - Coffee Brave Charlottet (5lb bg),FairTrade Organic,$0.00,$0.00,,
3124,Beamish - Coffee Hunter River (12oz bg),FairTrade Organic Decaf,$0.00,$0.00,,
3125,Beamish - Coffee Hunter River (1lb bg),FairTrade Organic Decaf,$0.00,$0.00,,
3126,Beamish - Coffee Hunter River (5lb bg),FairTrade Organic Decaf,$0.00,$0.00,,
3127,Beamish - Coffee Jack's Camp (12oz bg),FairTrade Organic,$0.00,$0.00,,
3128,Beamish - Coffee Jack's Camp (1lb bg),FairTrade Organic,$0.00,$0.00,,
3129,Beamish - Coffee Jack's Camp (5lb bg),FairTrade Organic,$0.00,$0.00,,
3130,Beamish - Coffee Rocky Point (12oz bg),FairTrade Organic,$0.00,$0.00,,
3131,Beamish - Coffee Rocky Point (1lb bg),FairTrade Organic,$0.00,$0.00,,
3132,Beamish - Coffee Rocky Point (5lb bg),FairTrade Organic,$0.00,$0.00,,
3610,Beanball - 1994 The Strike FT (12 Oz./342 g),FairTrade Organic,$0.00,$0.00,,
3611,Beanball - 1994 The Strike FT (5Lb Bg),FairTrade Organic,$0.00,$0.00,,
3613,Beanball - Back TO Back (12 Oz./342 g),Gourmet,$0.00,$0.00,,
3612,Beanball - Back TO Back (5Lb Bg),Gourmet,$0.00,$0.00,,
3614,Beanball  - Fleet Street Flats (12 Oz./342 g),Gourmet,$0.00,$0.00,,
3619,Beanball - Fleet Street Flats (5Lb Bg),Gourmet,$0.00,$0.00,,
3627,Beanball - Hanlan Homer FT (12 Oz./342 g),FairTrade Organic,$0.00,$0.00,,
3626,Beanball - Hanlan Homer FT (5Lb Bg),FairTrade Organic,$0.00,$0.00,,
3620,Beanball - Medicine Hat Campout (12 Oz./342 g),FairTrade Organic,$0.00,$0.00,,
3622,Beanball - Medicine Hat Campout (5Lb Bg),FairTrade Organic,$0.00,$0.00,,
3623,Beanball - Next Level (12oz Bg),Gourmet,$0.00,$0.00,,
3624,Beanball - Next Level (5Lb Bg),Gourmet,$0.00,$0.00,,
3628,Beanball - Royal History FT (12 Oz./342g),FairTrade Organic,$0.00,$0.00,,
3629,Beanball - Royal History FT (5Lb Bg),FairTrade Organic,$0.00,$0.00,,
2748,Birch Bark - Coffee Dream Catcher (1lb bg),FairTrade Organic Decaf,$0.00,$0.00,,
2759,Birch Bark - Enamel Mug - (11.8 oz),N/A,$0.00,$0.00,,
2763,Birch Bark - Hat (Snap-back) - Birch,N/A,$0.00,$0.00,,
2762,Birch Bark - Hat (Snap-back) - Cream,N/A,$0.00,$0.00,,
2760,Birch Bark -  Mug Black Birch,N/A,$0.00,$0.00,,
2761,Birch Bark -  Mug White Birch,N/A,$0.00,$0.00,,
2771,Birch Bark - Stickers,N/A,$0.00,$0.00,,
2850,Blackfeather Blend FTO (12 Oz./342 g),FairTrade Organic,$0.00,$0.00,,
2851,Blackfeather Blend FTO (1Lb Bg),FairTrade Organic,$0.00,$0.00,,
2852,Blackfeather Blend FTO (2.00Oz/5.3Lb),FairTrade Organic,$0.00,$0.00,,
2853,Blackfeather Blend FTO (2.50Oz/6.6Lb),FairTrade Organic,$0.00,$0.00,,
2854,Blackfeather Blend FTO (3.00Oz/7.9Lb),FairTrade Organic,$0.00,$0.00,,
2855,Blackfeather Blend FTO (5Lb Bg),FairTrade Organic,$0.00,$0.00,,
1909,Brazil Santos (5Lb Bg),Gourmet,$0.00,$0.00,,
1430,Bunn - 1.5 GPR Single Brewer Portable System,N/A,$1505.00,$1806.00,,
1434,Bunn - Airpot 2.5 Litre Stainless Steel Lever Action,N/A,$35.53,$54.95,,
1435,Bunn - Airpot 3.0 Litre Stainless Steel Lever Action,N/A,$37.83,$59.95,,
1419,Bunn - Airpot Rack- 2 Airpots (side by side),N/A,$162.00,$219.95,UNIV-2 APR (2 lower),
1421,Bunn - Airpot Rack- 2 Airpots  (Upper and Lower),N/A,$162.00,$202.50,"UNIV-2 APR (1 up, 1 lower)",
1420,Bunn - Airpot Rack- 3 Airpots (Lower),N/A,$100.00,$125.00,UNIV-3 APR (3 lower),
1413,Bunn - Airpot Rack- 4 Airpots (Lower),N/A,$99.00,$119.95,"UNIV-4 APR (2 up, 2 lower)",
1874,Bunn - Airpot Rack- 5 Airpots (Upper and Lower),N/A,$0.00,$0.00,"UNIV-5 APR (3 up, 2 lower)",
1412,Bunn - Airpot Rack- 6 Airpots (Upper and Lower),N/A,$99.00,$118.80,"UNIV-6 APR (3 up, 3 lower)",
39,Bunn - Box of 1000 Filters Bunn-O-Matic regular size,N/A,$6.87,$8.25,,
1386,Bunn - BrewWISE Dual TF DBC 120/208V (black) no funnel locks,N/A,$1985.00,$2495.00,,
1388,Bunn - BrewWISE Dual TF DBC 120/208V (Black) w/funnel locks,N/A,$2095.00,$2595.00,,
1385,Bunn - BrewWISE Dual TF DBC 120/208V no funnel locks,N/A,$1895.00,$2370.00,,
1387,Bunn - BrewWISE Dual TF DBC 120/208V w/funnel locks,N/A,$2005.00,$2495.00,,
1384,Bunn - BrewWISE Dual TF DBC 120/240V (black) no funnel locks,N/A,$1985.00,$2382.00,,
1382,Bunn - BrewWISE Dual TF DBC 120/240V (Black) w/funnel locks,N/A,$2095.00,$2595.00,,
1383,Bunn - BrewWISE Dual TF DBC 120/240V no funnel locks (1.5 gal),N/A,$1895.00,$2365.00,,
1381,Bunn - BrewWISE Dual TF DBC 120/240V w/funnel locks,N/A,$2005.00,$2495.00,,
1394,Bunn - BrewWISE Single TF DBC 120/208V (black) no funnel locks,N/A,$1475.00,$1850.00,,
1392,Bunn - BrewWISE Single TF DBC 120/208V (black) w/funnel locks,N/A,$1470.00,$1850.00,,
1391,Bunn - BrewWISE Single TF DBC 120/208V no funnel locks,N/A,$1415.00,$1795.00,,
1395,Bunn - BrewWISE Single TF DBC 120/208V w/funnel locks,N/A,$1530.00,$1950.00,,
1393,Bunn - BrewWISE Single TF DBC 120/240V (black)no funnel locks,N/A,$1475.00,$1850.00,,
1396,Bunn - BrewWISE Single TF DBC 120/240V (Black) no funnel locks,N/A,$1415.00,$1795.00,,
1390,Bunn - BrewWISE Single TF DBC 120/240V (Black) w/funnel locks,N/A,$1530.00,$1895.00,,
1389,Bunn - BrewWISE Single TF DBC 120/240V w/funnel locks,N/A,$1470.00,$1837.50,,
1422,Bunn - CDBCF15-APS Digital Brewer (single airpot),N/A,$625.50,$781.88,,
1427,Bunn - CDBCF15-TC Digital Brewer (carafe),N/A,$645.00,$774.00,,
1426,Bunn - CDBCF15-TS Digital Brewer (single 2.5L Thermal Server),N/A,$705.00,$846.00,,
1972,Bunn - CDBCF35-APS Digital Brewer (single airpot),N/A,$661.50,$826.88,,
1924,Bunn - CDBCF TC - 12 Cup Automatic Thermal Carafe Coffee Brewer,N/A,$580.00,$725.00,CDBCF TC,
1425,Bunn - CDBCF Twin APS Digital Brewer (two airpots),N/A,$1340.00,$1608.00,,
1978,Bunn - Curtis -  Coffee Pro - Airpot 1.9  Litre SS Table Server,N/A,$40.95,$57.77,,
1471,Bunn - CW-15 APS  Single Airpot Pour-over,N/A,$410.00,$492.00,,
1407,Bunn - CW15-TC Brews into  one Thermal Carafe,N/A,$465.00,$558.00,,
1374,"Bunn - CW-TC, brews into 1 thermal caraffe",N/A,$465.00,$581.25,,
1364,Bunn - CWTF15-2 12 Cup Automatic brewer with 3 warmers,N/A,$685.00,$895.00,,
1410,Bunn - CWTF15-aps Brews into  one Airpot,N/A,$720.00,$864.00,,
1411,Bunn - CWTF35-aps Brews into  one Airpot (120/240V),N/A,$705.00,$846.00,,
1429,Bunn - CWTF-TC Twin Thermal Carafe Brewer,N/A,$1270.00,$1524.00,,
1424,Bunn - CWTF Twin APS,N/A,$1442.00,$1808.30,,
1378,"Bunn - Decanter Glass Brown, 12 -cup, 3 per Pack",N/A,$26.00,$32.50,,
1379,"Bunn - Decanter Glass Orange 12 -cup, 3 per Pack",N/A,$26.00,$32.50,,
1856,Bunn - Filters for Bunn-O-Matic brewers - Box of 1000,N/A,$6.30,$12.45,Bunn filters - 1000 coffee filters,
1726,Bunn - Filters for ICBs - Box of 500,N/A,$15.50,$19.38,,
1408,Bunn - G3 3 lbs. Grinder Pivot Style Bag Switch,N/A,$945.00,$1134.00,,
1409,Bunn - G3 3 lbs. Grinder Pivot Style Bag Switch (used),N/A,$700.00,$840.00,,
1371,Bunn - Hopper/Lid assembly,N/A,$90.00,$112.50,,
1433,Bunn - HW2 - 2 Gallon Hot Water Tank,N/A,$575.00,$690.00,,
1428,Bunn - ICB Infusion Coffee Brewer,N/A,$865.00,$1081.25,,
1431,Bunn - ISRU  Single Service 3Gal Auto Electric Urn,N/A,$2285.00,$2742.00,,
1366,"Bunn - LPG2E,  Low Profile, Grinder, Dual Hoppers",N/A,$914.00,$1150.00,,
1365,"Bunn - LPG,  Low Profile, Grinder, Single Hopper",N/A,$646.00,$795.00,,
1369,Bunn - MHG 2-Position Hopper Rack,N/A,$60.00,$75.00,,
1370,Bunn - MHG 4-position hopper rack,N/A,$82.50,$103.12,,
1368,Bunn - MHG Black Multi-hopper grinder,N/A,$1425.00,$1781.25,,
1367,Bunn - MHG SST Multi-hopper grinder,N/A,$1350.00,$1687.50,,
1375,Bunn - Portable Satellite brewing System,N/A,$1380.00,$1725.00,,
2009,BUNN - SRU - 3 Gallon Automatic Electric Coffee Urn,,$2118.60,$2648.25,SRU - 3 Gallon Automatic Electric Coffee Urn,
1402,Bunn - TF Server (1.5 gal),N/A,$295.00,$354.00,,
1403,Bunn - TF Server (black)  (1.5 gal),N/A,$310.00,$372.00,,
1404,Bunn - Thermal Server No base (Brew Thru Lid),N/A,$99.95,$119.94,,
1873,Bunn - Thermofresh?? Baseless Server Stand,N/A,$65.50,$85.00,,
1401,Bunn - Thermofresh Baseless Wire Stand,N/A,$58.00,$75.00,,
1400,Bunn - Thermofresh Server w/o base Black 1.5 gal.,N/A,$274.00,$345.00,,
1398,Bunn - Thermofresh Server w/o base Black 1 gal.,N/A,$232.00,$290.00,,
1399,Bunn - Thermofresh Server w/o base - Stainless - 1.5 gal.,N/A,$259.00,$325.00,,
1397,Bunn - Thermofresh Server w/o base Stainless 1 gal.,N/A,$218.00,$272.50,,
1405,Bunn - TSR-1 Thermal Server Rack,N/A,$48.00,$57.60,,
1432,Bunn - U3 Single Service High Volume Urn,N/A,$2670.00,$3204.00,,
1857,"Bunn - ULTRA-2 - All Black/Stainless
Gourmet Ice System
Ultra II - Gourmet Ice System",N/A,$2198.00,$2637.60,,
1414,Bunn - Univ-2 Airpot Rack- two Airpots (1 level),N/A,$65.00,$78.00,,
1415,Bunn - Univ-3 Airpot Rack- three Airpots (1 level),N/A,$83.00,$99.60,,
1416,Bunn - Univ-4 Airpot Rack- four Airpots (2 level),N/A,$120.00,$144.00,,
1417,"Bunn - Univ-5 Airpot Rack- five Airpots (3 upper, 2 lower))",N/A,$135.00,$162.00,,
1418,"Bunn - Univ-6 Airpot Rack- six Airpots (3 upper, 3 lower)",N/A,$150.00,$180.00,,
1372,"Bunn - VP17-1,  1 Lower Warmer",N/A,$300.00,$375.00,,
1373,"Bunn - VP17-2,  2 separately controlled warmers",N/A,$325.00,$406.25,,
1377,"Bunn - VPR Black , 1 Lower, 1 Upper Warmer",N/A,$310.00,$387.50,,
1376,"Bunn - VPS Black, 2 lower , 1 upper Warmer",N/A,$350.00,$435.00,,
3404,Burukudu - 22 2Dye4 FT (12 Oz./342g),FairTrade Organic,$0.00,$0.00,,
3405,Burukudu - 22 2Dye4 FT (5Lb Bg),FairTrade Organic,$0.00,$0.00,,
3403,Burukudu - 32 Bailey (5Lb Bg),Gourmet,$0.00,$0.00,,
3406,Burukudu - 42 Langelle Espr. FT (12 Oz./342 g),FairTrade Organic,$0.00,$0.00,,
3407,Burukudu - 42 Langelle Espr. FT (5Lb Bg),FairTrade Organic,$0.00,$0.00,,
3398,Burukudu - 52 Metro Medium (12 Oz./342 g),Gourmet,$0.00,$0.00,,
3399,Burukudu - 52 Metro Medium  (5Lb Bg),Gourmet,$0.00,$0.00,,
3411,Burukudu - 62 Duff Decaf FT SWP (12 Oz./342 g),FairTrade Organic Decaf,$0.00,$0.00,,
3410,Burukudu - 62 Duff Decaf FT SWP (5Lb Bg),FairTrade Organic,$0.00,$0.00,,
3400,Burukudu - 72 Orr Light FT (12 Oz./342 g),FairTrade Organic,$0.00,$0.00,,
3401,Burukudu - 72 Orr Light FT (5Lb Bg),FairTrade Organic,$0.00,$0.00,,
3396,Burukudu - 82 Bossy South American (12oz Bg),Gourmet,$0.00,$0.00,,
3397,Burukudu - 82 Bossy South American (5Lb Bg),Gourmet,$0.00,$0.00,,
3748,Burukudu - Shipping charges for QBO invoice,N/A,$0.00,$0.01,,
3067,Cafection - Encore LITE,N/A,$5468.00,$7500.00,,
3723,Cafection - Encore LITE Cabinet,N/A,$288.00,$425.00,,
3652,Cafe Sous Pression - Kilimandjaro Pole-Pole (12 Oz./342 g),Gourmet,$0.00,$0.00,,
3654,Cafe Sous Pression - Maratoni Bunna (12 Oz./342 g),FairTrade Organic,$0.00,$0.00,,
3655,Cafe Sous Pression - Maratoni Bunna (5Lb Bg),FairTrade Organic,$0.00,$0.00,,
3660,Cafe Sous Pression - Melange KidSport (12 Oz/342 g),FairTrade Organic,$0.00,$0.00,,
3661,Cafe Sous Pression - Melange KidSport (5Lb Bg),FairTrade Organic,$0.00,$0.00,,
3656,Cafe Sous Pression - Papua Kopi (12 Oz./342 g),Gourmet,$0.00,$0.00,,
3657,Cafe Sous Pression - Papua Kopi (5Lb Bg),Gourmet,$0.00,$0.00,,
3658,Cafe Sous Pression - Perou SWP (12 Oz./342 g),FairTrade Organic Decaf,$0.00,$0.00,,
3659,Cafe Sous Pression - Perou SWP (5Lb Bg),FairTrade Organic,$0.00,$0.00,,
2118,Caff?? Europa (12 Oz./342 g),Gourmet,$0.00,$0.00,,
2151,Caff?? Palazzo VN FTO SWP (12 Oz./342 g),FairTrade Organic Decaf,$0.00,$0.00,,
3529,Canadian - Bookworm Blend FT (12 Oz./342 g),FairTrade Organic,$0.00,$0.00,,
3528,Canadian - Emergency Brew (12 Oz./342 g),Gourmet,$0.00,$0.00,,
3532,Canadian - Everyday Worker FT (12 Oz./342 g),FairTrade Organic,$0.00,$0.00,,
3558,Canadian - Exhausted Pigeon (12oz Bg),Gourmet,$0.00,$0.00,,
3530,Canadian - HandyMan Grind FT (12 Oz./342 g),FairTrade Organic,$0.00,$0.00,,
3607,Canadian - HandyMan Grind FT (5Lb Bg),FairTrade Organic,$0.00,$0.00,,
3535,Canadian - Heavy Hauler (12oz Bg),Gourmet,$0.00,$0.00,,
3537,Canadian - Night Owl (12 Oz./342 g),Gourmet,$0.00,$0.00,,
3536,Canadian - Rig Pig FT (12 Oz/342 g),FairTrade Organic,$0.00,$0.00,,
3538,Canadian - Side Hustler FT (12 Oz./342 g),FairTrade Organic,$0.00,$0.00,,
3531,Canadian - Stay at Home Cafe (12 Oz./342 g),Gourmet,$0.00,$0.00,,
3533,Canadian - Time to Relax FT (12 Oz./342 g),FairTrade Organic,$0.00,$0.00,,
3534,Canadian - Wrench Turner (12 Oz./342 g),Gourmet,$0.00,$0.00,,
1828,Cane Sugar - Fair Trade Organic,FairTrade Organic,$3.64,$0.00,La Siembra Cooperative,
2865,Cape Coffee - Regina Espresso (5lb bg),FairTrade Organic,$0.00,$0.00,,
3064,Cape Coffee - Regina Espresso Espr (12oz bg),FairTrade Organic,$0.00,$0.00,,
3065,Cape Coffee - Regina Espresso Espr (1lb bg),FairTrade Organic,$0.00,$0.00,,
3066,Cape Coffee - Regina Espresso Espr (5lb bg),FairTrade Organic,$0.00,$0.00,,
2866,Cape Coffee - Stella Decaf (12oz bg),FairTrade Organic Decaf,$0.00,$0.00,,
2869,Cape Coffee - STELLA DECAF (12oz bg),FairTrade Organic,$0.00,$0.00,,
2868,Cape Coffee - Stella Decaf (5lb bg),FairTrade Organic Decaf,$0.00,$0.00,,
2274,Casadio Dieci A1 Coffee-To-Go - USED,N/A,$1750.00,$2500.00,,
2242,Casadio Dieci A1 Tall,N/A,$1950.00,$3400.00,,
2243,Casadio Dieci A2 Tall,N/A,$2430.00,$4495.00,,
2191,Casadio Undici A - 1 group,N/A,$1900.00,$3500.00,,
2145,Casadio Undici A2,N/A,$2460.00,$5725.64,,
3445,Charlotte County - Captain's Brew FT (12 Oz./342 g),FairTrade Organic,$0.00,$0.00,,
3649,Charlotte County - Captains Brew FT (5Lb Bg),FairTrade Organic,$0.00,$0.00,,
3451,Charlotte County - Espr. St. Croix Sunrise (12 Oz./342 g),Gourmet,$0.00,$0.00,,
3648,Charlotte County - Espr. St Croix Sunrise  (5Lb Bg),Gourmet,$0.00,$0.00,,
3449,Charlotte County - Fundy Fog (12 Oz./342 g),Gourmet,$0.00,$0.00,,
3751,Charlotte County - Fundy Fog (5Lb Bg),Gourmet,$0.00,$0.00,,
3452,Charlotte County - Head Harbour Lite (12 Oz./342 g),Gourmet,$0.00,$0.00,,
3455,Charlotte County - Island Sunset Decaf Espr. (12 Oz./342 g),Decaf,$0.00,$0.00,,
3448,Charlotte County - Minister's Delight FT (12 Oz./342 g),FairTrade Organic,$0.00,$0.00,,
3450,Charlotte County - Ocean Breeze (12 Oz./342 g),Gourmet,$0.00,$0.00,,
3447,Charlotte County - Paddy's Falls Decaf FT (12 Oz./342 g),FairTrade Organic,$0.00,$0.00,,
3971,Charlotte County - Paddy's Falls Decaf FT (5Lb Bg),FairTrade Organic,$0.00,$0.00,,
3453,Charlotte County - Pirate's Treasure FT (12 Oz./342 g),FairTrade Organic,$0.00,$0.00,,
3446,Charlotte County - Rocky Shores FT (12 Oz/342 g),FairTrade Organic,$0.00,$0.00,,
3454,Charlotte County - Stormy Seas (12 Oz./342 g),Gourmet,$0.00,$0.00,,
3651,Charlotte County - Stormy Seas (5Lb Bg),Gourmet,$0.00,$0.00,,
3324,Chipper - Drop in the Ocean FTO (12 Oz./342 g),FairTrade Organic,$0.00,$0.00,,
3170,Chipper - Hoodie - Black,N/A,$0.00,$35.00,,
3166,Chipper - Mad as a Hatter FTO (12 Oz/342 g),FairTrade Organic,$0.00,$0.00,,
3167,Chipper - Run of the Mill FTO (12 Oz./342 g),FairTrade Organic,$0.00,$0.00,,
3164,Chipper - Strong as an Ox FTO (12 Oz./342 g),FairTrade Organic,$0.00,$0.00,,
3169,Chipper - T-Shirt - Black,N/A,$0.00,$17.50,,
236,Cimbali - Electrical Cup Warmer,N/A,$1512.50,$1000.00,Scaldatazze inox,
2805,Cimbali - M100 GT T-TurboSteam Milk4 - Tall cup Version DT/2,N/A,$8120.00,$17247.36,,
3074,Cimbali - M100 GT T-TurboSteam Milk4 - Tall cup Version DT/3,N/A,$10524.80,$26312.00,,
2806,Cimbali - M100HD DT/2,N/A,$8200.00,$17621.05,,
2270,Cimbali - M1 Program Maintenance,N/A,$600.00,$1050.00,,
2226,Cimbali - M1 Superautomatic - Used,N/A,$5796.00,$5000.00,,
235,Cimbali - M2 Barsystem TurboSteam - Used,N/A,$4000.00,$3750.00,,
2182,Cimbali - M39 Barsystem TurboSteam - USED,N/A,$7500.00,$9500.00,,
4009,Cimbali - Refridgerated Unit,N/A,$2439.00,$3590.00,ACCESSORIES - S30 SERIE,
4011,Cimbali - S15 CS10 120V,N/A,$4997.50,$14800.00,,
4017,"Cimbali - S15  - CS10 - 3 Hoppers, Milk Pump System",N/A,$4997.50,$15058.27,,
4008,"Cimbali - S20 CP10  2 Hoppers, Milk Pump system, Turbo Steam 4",N/A,$7497.00,$18409.00,,
3078,Cimbali - S20 S10 TurboSteam Milk4 Cold Touch,N/A,$7862.40,$21000.00,,
3072,Cimbali - S30 S10 CP10 Superautomatic with Turbosteam,N/A,$10897.50,$30880.00,,
3477,Code Hein - Beware Barbara (12 Oz./342 g),FairTrade Organic,$0.00,$0.00,,
3479,Code Hein - Evening with the Jackson (12 Oz./342 g),Gourmet,$0.00,$0.00,,
3476,"Code Hein - Its a Feeling, Heartbeat (12 Oz./342g)",FairTrade Organic,$0.00,$0.00,,
3482,Code Hein - Masser & Goffin (12 Oz./342 g),Gourmet,$0.00,$0.00,,
3481,Code Hein - Moria (12oz Bg),Gourmet,$0.00,$0.00,,
3478,Code Hein - Returning to Miss Lazarus (12 Oz./342 g),Gourmet,$0.00,$0.00,,
3480,Code Hein - Saligia (12 Oz./342 g),Gourmet,$0.00,$0.00,,
3467,Coffee Imp - Altura Pluma Mexican FT (12 Oz./342g),FairTrade Organic,$0.00,$0.00,,
3463,Coffee Imp - Donut Shop FT (12 Oz./342 g),FairTrade Organic,$0.00,$0.00,,
3464,Coffee Imp - Ethiopian Sidamo FT (12 Oz./342 g),FairTrade Organic,$0.00,$0.00,,
3466,Coffee Imp - Italian Espresso FT (12 Oz./342 g),FairTrade Organic,$0.00,$0.00,,
3468,Coffee Imp - Mokha Java FT (12 Oz/342 g),FairTrade Organic,$0.00,$0.00,,
3469,Coffee Imp - Peruvian FT (12 Oz./342 g),FairTrade Organic,$0.00,$0.00,,
3470,Coffee Imp - Sumatran  FT (12 Oz./342 g),FairTrade Organic,$0.00,$0.00,,
29,Coffee Samples FTO,FairTrade Organic,$0.00,$0.60,,
3327,Coin and Key - Beacon Espr. FTO (12 Oz./342 g),FairTrade Organic,$0.00,$0.00,,
3331,Coin and Key - Cipher FTO (12 Oz./342 g),FairTrade Organic,$0.00,$0.00,,
3333,Coin and Key - Genesis (12 Oz./342 g),Gourmet,$0.00,$0.00,,
3332,Coin and Key - Java FTO (12 Oz/342 g),FairTrade Organic,$0.00,$0.00,,
3330,Coin and Key  - Lambo (12 Oz./342 g),Gourmet,$0.00,$0.00,,
3328,Coin and Key - Moon (12oz Bg),Gourmet,$0.00,$0.00,,
3329,Coin and Key - Node Espr. (12 Oz./342 g),Gourmet,$0.00,$0.00,,
3326,Coin and Key - Oracle FTO (12 Oz./342g),FairTrade Organic,$0.00,$0.00,,
2122,Colombian (12 Oz./342 g),Gourmet,$0.00,$0.00,,
2127,Colombian FR (12 Oz./342 g),Gourmet,$0.00,$0.00,,
2128,Colombian FR DEC(12 Oz./342 g),Decaf,$0.00,$0.00,,
2272,Colombian (Hazelnut Flavour) 5 Lb.,Gourmet,$0.00,$0.00,,
2271,Colombian (Vanilla Flavoured) 5 Lb.,Gourmet,$0.00,$0.00,,
2223,Concord Muffin Batter,,$0.00,$0.00,,
3004,Conspiracy Theory - Area 51 (12oz bg),Gourmet,$0.00,$0.00,,
3005,Conspiracy Theory - Area 51 (1lb bg),Gourmet,$0.00,$0.00,,
3006,Conspiracy Theory - Area 51 (5lb bg),Gourmet,$0.00,$0.00,,
3007,Conspiracy Theory - Hat (Snap-back) -,N/A,$0.00,$0.00,,
3008,Conspiracy Theory - Lost Kosmonaut (12oz bg),Gourmet,$0.00,$0.00,,
3009,Conspiracy Theory - Lost Kosmonaut (1lb bg),Gourmet,$0.00,$0.00,,
3010,Conspiracy Theory - Lost Kosmonaut (5lb bg),Gourmet,$0.00,$0.00,,
3011,Conspiracy Theory - New World Order (12oz bg),Gourmet,$0.00,$0.00,,
3012,Conspiracy Theory - New World Order (1lb bg),Gourmet,$0.00,$0.00,,
3013,Conspiracy Theory - New World Order (5lb bg),Gourmet,$0.00,$0.00,,
3014,Conspiracy Theory - Project MK/Ultra (12oz bg),Gourmet,$0.00,$0.00,,
3015,Conspiracy Theory - Project MK/Ultra (1lb bg),Gourmet,$0.00,$0.00,,
3016,Conspiracy Theory - Project MK/Ultra (5lb bg),Gourmet,$0.00,$0.00,,
3017,Conspiracy Theory - Staged Landing (12oz bg),FairTrade Organic Decaf,$0.00,$0.00,,
3018,Conspiracy Theory - Staged Landing (1lb bg),FairTrade Organic Decaf,$0.00,$0.00,,
3019,Conspiracy Theory - Staged Landing (5lb bg),FairTrade Organic Decaf,$0.00,$0.00,,
3020,Conspiracy Theory - T-Shirt - Large,N/A,$0.00,$0.00,,
3021,Conspiracy Theory - T-Shirt - Medium,N/A,$0.00,$0.00,,
3022,Conspiracy Theory - T-Shirt - Small,N/A,$0.00,$0.00,,
3023,Conspiracy Theory - T-Shirt - XL,N/A,$0.00,$0.00,,
3199,Conspiracy Theory - T-Shirt - XXL,N/A,$0.00,$0.00,,
3024,Conspiracy Theory - T-Shirt - XXL,N/A,$0.00,$0.00,,
2120,Costa Rica (12 Oz./342 g),Gourmet,$0.00,$0.00,,
3416,Crushed - 727 FTO (12 Oz./342 g),FairTrade Organic,$0.00,$0.00,,
3420,Crushed - Alive FT (12 Oz/342 g),FairTrade Organic,$0.00,$0.00,,
3419,Crushed  - Chill FT (12 Oz./342 g),FairTrade Organic,$0.00,$0.00,,
3418,Crushed - Kreemee (12 Oz./342 g),Gourmet,$0.00,$0.00,,
3417,Crushed - Safari (12 Oz./342 g),Gourmet,$0.00,$0.00,,
3421,Crushed - Viva FT (12 Oz./342g),FairTrade Organic,$0.00,$0.00,,
3544,Crystalline - Anthophora Mexico FT (12 Oz./342g),FairTrade Organic,$0.00,$0.00,,
3545,Crystalline - Anthophora Mexico FT (5Lb Bg),FairTrade Organic,$0.00,$0.00,,
3550,Crystalline - Bombus Ethiopian Sidamo FT (12 Oz./342 g),FairTrade Organic,$0.00,$0.00,,
3551,Crystalline - Bombus Ethiopian Sidamo FT (5Lb Bg),FairTrade Organic,$0.00,$0.00,,
3542,Crystalline - Espr. Xylocopa FT (12 Oz./342 g),FairTrade Organic,$0.00,$0.00,,
3543,Crystalline - Espr. Xylocopa FT (5Lb Bg),FairTrade Organic,$0.00,$0.00,,
3552,Crystalline - Megachile Peru FT SWP (12 Oz./342 g),FairTrade Organic Decaf,$0.00,$0.00,,
3553,Crystalline - Megachile Peru FT SWP (5Lb Bg),FairTrade Organic,$0.00,$0.00,,
3554,Crystalline - Mellifera Classic Donut Shop FT (12 Oz./342 g),FairTrade Organic,$0.00,$0.00,,
3555,Crystalline - Mellifera Classic Donut Shop FT (5Lb Bg),FairTrade Organic,$0.00,$0.00,,
3548,Crystalline - Nomia Tanzanian Peaberry (12 Oz./342 g),Gourmet,$0.00,$0.00,,
3556,Crystalline - Osmia Mokha Java FT (12 Oz/342 g),FairTrade Organic,$0.00,$0.00,,
3557,Crystalline - Osmia Mokha Java FT (5Lb Bg),FairTrade Organic,$0.00,$0.00,,
3546,Crystalline - Peponapis Sumatra FT (12 Oz./342 g),FairTrade Organic,$0.00,$0.00,,
3547,Crystalline - Peponapis Sumatra FT (5Lb Bg),FairTrade Organic,$0.00,$0.00,,
